{"accuracy": 0.5255102040816326, "spearman": -0.07986260150243707}