{"accuracy": 0.5731292517006803, "spearman": 0.131465331538087}