{"accuracy": 0.5901360544217688, "spearman": 0.11383558262202474}